{"cameraMode":{"drawMode":0,"name":"Shaded","section":"Shading Mode"},"sceneLighting":false,"audioPlay":false,"sceneViewState":{"m_AlwaysRefresh":false,"showFog":true,"showSkybox":false,"showFlares":true,"showImageEffects":true,"showParticleSystems":true,"showVisualEffectGraphs":true,"m_FxEnabled":false},"in2DMode":false,"pivot":{"x":-0.33597517013549807,"y":-0.47703075408935549,"z":0.0543445348739624},"rotation":{"x":0.11175292730331421,"y":-0.8832722902297974,"z":0.2778690457344055,"w":0.3607357442378998},"size":2.0886056423187258,"orthographic":false}