{"cameraMode":{"drawMode":0,"name":"Shaded","section":"Shading Mode"},"sceneLighting":true,"audioPlay":false,"sceneViewState":{"m_AlwaysRefresh":false,"showFog":true,"showSkybox":true,"showFlares":true,"showImageEffects":true,"showParticleSystems":true,"showVisualEffectGraphs":true,"m_FxEnabled":false},"in2DMode":false,"pivot":{"x":3.6919643878936769,"y":-6.738994598388672,"z":12.935054779052735},"rotation":{"x":-0.3229126036167145,"y":0.0062449597753584389,"z":-0.002126633655279875,"w":-0.9464184045791626},"size":10.407719612121582,"orthographic":false}