{"cameraMode":{"drawMode":0,"name":"Shaded","section":"Shading Mode"},"sceneLighting":false,"audioPlay":false,"sceneViewState":{"m_AlwaysRefresh":false,"showFog":true,"showSkybox":false,"showFlares":true,"showImageEffects":true,"showParticleSystems":true,"showVisualEffectGraphs":true,"m_FxEnabled":false},"in2DMode":false,"pivot":{"x":0.04956406354904175,"y":0.3902823328971863,"z":0.4389052391052246},"rotation":{"x":-0.24901536107063294,"y":-0.1612212359905243,"z":0.04208441451191902,"w":-0.9540669322013855},"size":0.9457213878631592,"orthographic":false}