{"cameraMode":{"drawMode":0,"name":"Shaded","section":"Shading Mode"},"sceneLighting":true,"audioPlay":false,"sceneViewState":{"m_AlwaysRefresh":false,"showFog":true,"showSkybox":false,"showFlares":true,"showImageEffects":true,"showParticleSystems":true,"showVisualEffectGraphs":true,"m_FxEnabled":false},"in2DMode":false,"pivot":{"x":-0.22212374210357667,"y":-0.5188872814178467,"z":0.7247772216796875},"rotation":{"x":-0.3402177691459656,"y":0.27006304264068606,"z":-0.10267095267772675,"w":-0.8948706388473511},"size":1.4686765670776368,"orthographic":false}